time,distance_m
0,7.1921086
1,7.3008003
2,7.4063582
3,7.572767
4,7.3777094
5,7.375716
6,7.942882
7,8.686736
8,9.347711
9,9.949663
10,9.9696455
11,9.729303
12,9.737507
13,9.834767
14,9.89754
